index,CDR3,CDR3_end,ext,CDR3_nt
TRAJ1,['YESITSQLQF'],['QLQF'],['GKG'],['GTATGAAAGTATTACCTCCCAGTTGCAATTT']
TRAJ10,['ILTGGGNKLTF'],['KLTF'],['GTG'],['ATACTCACGGGAGGAGGAAACAAACTCACCTTT']
TRAJ11,['NSGYSTLTF'],['TLTF'],['GKG'],['TGAATTCAGGATACAGCACCCTCACCTTT']
TRAJ12,['MDSSYKLIF'],['KLIF'],['GSG'],['GGATGGATAGCAGCTATAAATTGATCTTC']
TRAJ13,['NSGGYQKVTF'],['KVTF'],"['GIG', 'GTG']",['TGAATTCTGGGGGTTACCAGAAAGTTACCTTT']
TRAJ14,['IYSTFIF'],['TFIF'],['GSG'],['ATTTATAGCACATTCATCTTT']
TRAJ15,['NQAGTALIF'],['ALIF'],['GKG'],['CCAACCAGGCAGGAACTGCTCTGATCTTT']
TRAJ16,['FSDGQKLLF'],['KLLF'],['ARG'],['GGTTTTCAGATGGCCAGAAGCTGCTCTTT']
TRAJ17,['IKAAGNKLTF'],['KLTF'],['GGG'],['TGATCAAAGCTGCAGGCAACAAGCTAACTTTT']
TRAJ18,['DRGSTLGRLYF'],['RLYF'],['GRG'],['CCGACAGAGGCTCAACCCTGGGGAGGCTATACTTT']
TRAJ19,['YQRFYNFTF'],['NFTF'],['GKG'],['GCTATCAAAGATTTTACAATTTCACCTTT']
TRAJ2,['NTGGTIDKLTF'],['KLTF'],['GKG'],['TGAATACTGGAGGAACAATTGATAAACTCACATTT']
TRAJ20,['SNDYKLSF'],['KLSF'],['GAG'],['GTTCTAACGACTACAAGCTCAGCTTT']
TRAJ21,['YNFNKFYF'],['KFYF'],['GSG'],['TACAACTTCAACAAATTTTACTTT']
TRAJ22,['SSGSARQLTF'],['QLTF'],['GSG'],['TTTCTTCTGGTTCTGCAAGGCAACTGACCTTT']
TRAJ23,['IYNQGGKLIF'],['KLIF'],['GQG'],['TGATTTATAACCAGGGAGGAAAGCTTATCTTC']
TRAJ24,"['TTDSWGKLQF', 'TTDSWGKFEF', 'TTDSWGKFQF']","['KFQF', 'KFEF', 'KLQF']",['GAG'],"['TGACAACTGACAGCTGGGGGAAATTCGAGTTT', 'TGACAACTGACAGCTGGGGGAAATTGCAGTTT', 'TGACAACTGACAGCTGGGGGAAATTCCAGTTT']"
TRAJ25,['EGQGFSFIF'],['SFIF'],['GKG'],['CAGAAGGACAAGGCTTCTCCTTTATCTTT']
TRAJ26,['DNYGQNFVF'],['NFVF'],['GPG'],['GGGATAACTATGGTCAGAATTTTGTCTTT']
TRAJ27,['NTNAGKSTF'],['KSTF'],['GDG'],['TAACACCAATGCAGGCAAATCAACCTTT']
TRAJ28,['YSGAGSYQLTF'],['QLTF'],['GKG'],['CATACTCTGGGGCTGGGAGTTACCAACTCACTTTC']
TRAJ29,['NSGNTPLVF'],['PLVF'],['GKG'],['GGAATTCAGGAAACACACCTCTTGTCTTT']
TRAJ3,['GYSSASKIIF'],['KIIF'],['GSG'],['GGGGTACAGCAGTGCTTCCAAGATAATCTTT']
TRAJ30,['NRDDKIIF'],['KIIF'],['GKG'],['TGAACAGAGATGACAAGATCATCTTT']
TRAJ31,['NNNARLMF'],['RLMF'],['GDG'],['GGAATAACAATGCCAGACTCATGTTT']
TRAJ32,['NYGGATNKLIF'],['KLIF'],['GTG'],"['TGAATTATGGCGGTGCTACAAACAAGCTCATCTTT', 'TGAATTATGGTGGTGCTACAAACAAGCTCATCTTT']"
TRAJ33,['DSNYQLIW'],['QLIW'],['GAG'],['TGGATAGCAACTATCAGTTAATCTGG']
TRAJ34,['SYNTDKLIF'],['KLIF'],['GTG'],['TCTTATAACACCGACAAGCTCATCTTT']
TRAJ35,['IGFGNVLHC'],['VLHC'],['GSG'],['GATAGGCTTTGGGAATGTGCTGCATTGC']
TRAJ36,['QTGANNLFF'],['NLFF'],['GTG'],['TCAAACTGGGGCAAACAACCTCTTCTTT']
TRAJ37,"['GSGNTGKLIF', 'GSSNTGKLIF']",['KLIF'],['GQG'],"['TGGCTCTAGCAACACAGGCAAACTAATCTTT', 'TGGCTCTGGCAACACAGGCAAACTAATCTTT']"
TRAJ38,['NAGNNRKLIW'],['KLIW'],['GLG'],['TAATGCTGGCAACAACCGTAAGCTGATTTGG']
TRAJ39,['NNNAGNMLTF'],['MLTF'],['GGG'],['TGAATAATAATGCAGGCAACATGCTCACCTTT']
TRAJ4,['FSGGYNKLIF'],['KLIF'],['GAG'],['TGTTTTCTGGTGGCTACAATAAGCTGATTTTT']
TRAJ40,['TTSGTYKYIF'],['KYIF'],['GTG'],['ACTACCTCAGGAACCTACAAATACATCTTT']
TRAJ41,['NSNSGYALNF'],['ALNF'],['GKG'],['GAACTCAAATTCCGGGTATGCACTCAACTTC']
TRAJ42,['NYGGSQGNLIF'],['NLIF'],['GKG'],['TGAATTATGGAGGAAGCCAAGGAAATCTCATCTTT']
TRAJ43,['NNNDMRF'],['DMRF'],['GAG'],['ACAATAACAATGACATGCGCTTT']
TRAJ44,['NTGTASKLTF'],['KLTF'],['GTG'],['TAAATACCGGCACTGCCAGTAAACTCACCTTT']
TRAJ45,['YSGGGADGLTF'],['GLTF'],['GKG'],['TGTATTCAGGAGGAGGTGCTGACGGACTCACCTTT']
TRAJ46,['KKSSGDKLTF'],['KLTF'],['GTG'],['AGAAGAAAAGCAGCGGAGACAAGCTGACTTTT']
TRAJ47,['EYGNKLVF'],['KLVF'],['GAG'],"['TGGAATATGGAAACAAACTGGTCTTT', 'TGGAATATGGAAACAAGCTGGTCTTT']"
TRAJ48,['SNFGNEKLTF'],['KLTF'],['GTG'],['TATCTAACTTTGGAAATGAGAAATTAACCTTT']
TRAJ49,['NTGNQFYF'],['QFYF'],['GTG'],['GAACACCGGTAACCAGTTCTATTTT']
TRAJ5,['DTGRRALTF'],['ALTF'],['GSG'],['TGGACACGGGCAGGAGAGCACTTACTTTT']
TRAJ50,['KTSYDKVIF'],['KVIF'],['GPG'],['TGAAAACCTCCTACGACAAGGTGATATTT']
TRAJ51,['MRDSYEKLIF'],['KLIF'],['GKE'],['AGATGCGTGACAGCTATGAGAAGCTGATATTT']
TRAJ52,['NAGGTSYGKLTF'],['KLTF'],['GQG'],['CTAATGCTGGTGGTACTAGCTATGGAAAGCTGACATTT']
TRAJ53,['NSGGSNYKLTF'],['KLTF'],['GKG'],['AGAATAGTGGAGGTAGCAACTATAAACTGACATTT']
TRAJ54,['IQGAQKLVF'],['KLVF'],['GQG'],['TAATTCAGGGAGCCCAGAAGCTGGTATTT']
TRAJ55,['KCW*CSCW'],['CSCW'],['GKG'],['ACAAGTGCTGGTAATGCTCCTGTTGG']
TRAJ56,['YTGANSKLTF'],['KLTF'],['GKG'],['TTATACTGGAGCCAATAGTAAGCTGACATTT']
TRAJ57,['TQGGSEKLVF'],['KLVF'],['GKG'],['TAACTCAGGGCGGATCTGAAAAGCTGGTCTTT']
TRAJ58,['*ETSGSRLTF'],['RLTF'],['GEG'],['TTTAAGAAACCAGTGGCTCTAGGTTGACCTTT']
TRAJ59,['KEGNRKFTF'],['KFTF'],['GMG'],['GGAAGGAAGGAAACAGGAAATTTACATTT']
TRAJ6,['ASGGSYIPTF'],['IPTF'],['GRG'],['TGCATCAGGAGGAAGCTACATACCTACATTT']
TRAJ60,['KIT*MLNF'],['MLNF'],['GKG'],['TGAAGATCACCTAGATGCTCAACTTT']
TRAJ61,['YRVNRKLTF'],['KLTF'],['GAN'],['GGTACCGGGTTAATAGGAAACTGACATTT']
TRAJ7,['DYGNNRLAF'],['RLAF'],['GKG'],['TGACTATGGGAACAACAGACTCGCTTTT']
TRAJ8,['NTGFQKLVF'],['KLVF'],['GTG'],['TGAACACAGGCTTTCAGAAACTTGTATTT']
TRAJ9,['GNTGGFKTIF'],['KTIF'],['GAG'],['GGAAATACTGGAGGCTTCAAAACTATCTTT']
