,CDR3,CDR1,CDR2,CDR3_nt
TRBV1,['CTSSQ'],['GH--DS'],['YNC-KEF'],['TGCACCAGCAGCCAAGA']
TRBV10-1,['CASSE'],['WNH-NN'],"['SYG-VQD', 'SYG-VHD']",['TGCGCCAGCAGTGAGTC']
TRBV10-2,['CASSE'],['WSH-SY'],['SAA-ADI'],['TGCGCCAGCAGTGAGTC']
TRBV10-3,"['C', 'CAISE']",['ENH-RY'],['SYG-VKD'],"['TGTGTACTTCTGT', 'TGTGCCATCAGTGAGTC']"
TRBV11-1,['CASSL'],['SGH-AT'],['FQD-ESV'],['TGTGCCAGCAGCTTAGC']
TRBV11-2,"['CASSL', 'CASS']",['SGH-AT'],['FQN-NGV'],"['TGTGCCAGCAGCTTAGA', 'TGTGCCAGCAGT']"
TRBV11-3,"['CASSL', 'CASS']",['SGH-NT'],['YEN-EEA'],"['TGTGCCAGCAGC', 'TGTGCCAGCAGCTTAGA', 'TGTGCCAGCAGCTTAG']"
TRBV12-1,['CASSF'],['SGH-ND'],['FCS-WTL'],['TGTGCCAGCAGCTTTGC']
TRBV12-2,['CASRL'],['FGH-NF'],['FRS-*SI'],['TGTGCAAGTCGCTTAGC']
TRBV12-3,['CASSL'],['SGH-NS'],['FNN-NVP'],['TGTGCCAGCAGTTTAGC']
TRBV12-4,['CASSL'],['SGH-DY'],['FNN-NVP'],"['TGTGCCAGCAGTTTAGC', 'TGTGCCAGCAGTTTA']"
TRBV12-5,['CASGL'],['LGH-NT'],['FRN-RAP'],['TGTGCTAGTGGTTTGGT']
TRBV13,"['CASSL', 'CASS']",['PRH-DT'],['FYE-KMQ'],"['TGTGCCAGCAGC', 'TGTGCCAGCAGCTTAGG']"
TRBV14,"['CASS', 'CASSQ']",['SGH-DN'],['FVK-ESK'],"['TGTGCCAGCAGC', 'TGTGCCAGCAGCCAAGA']"
TRBV15,"['CATSR', 'CATS']",['LNH-NV'],"['YYN-KDF', 'YYD-KDF']","['TGTGCCACCAGC', 'TGTGCCACCAGCAGAGA']"
TRBV16,"['CASS', 'CASSQ']","['KGH-SY', 'KGH-S*']",['FQN-ENV'],"['TGTGCCAGCAGC', 'TGTGCCAGCAGCCAATC']"
TRBV17,['YSSG'],['SGH-MF'],['FQY-QNI'],[nan]
TRBV18,['CASSP'],['KGH-SH'],['LQK-ENI'],['TGTGCCAGCTCACCACC']
TRBV19,"['CAS', 'CASSI']",['LNH-DA'],"['SHI-VND', 'SQI-VND']","['TGTGCCAGTAG', 'TGTGCCAGTAGTATAGA']"
TRBV2,"['CASSE', 'CASS']",['SNH-LY'],['FYN-NEI'],"['TGTGCCAGCAGTGAAGC', 'TGTGCCAGCAGTGAA', 'TGTGCCAGCAGT']"
TRBV20-1,"['CSA', 'CSAR', 'CSAS']",['DFQATT'],"['SNEGCKA', 'SNEGSKA']","['TGCAGTGCTAGAGA', 'TGCAGTGCT', 'TGCAGTGCTAGA', 'TGCAGTGCTAGT']"
TRBV20/OR9-2,"['CSA', 'CSAR']",['DFQATT'],['SNEGSEV'],"['TGCAGTGCTAGAGA', 'TGCAGTGCT']"
TRBV21-1,['CASSK'],['KAH-SY'],['FQN-EEL'],['TGTGCCAGCAGCAAAGC']
TRBV21/OR9-2,['CANSK'],['KRH-SY'],['FQN-EEI'],['TGTGCCAACAGCAAAGC']
TRBV23-1,['CASSQ'],['KGH-TF'],['FQN-EQV'],['TGCGCCAGCAGTCAATC']
TRBV23/OR9-2,"['', 'CATSP']",['NGH-TF'],['FQN-EQV'],"['TGTGCCACCAGTCCGTC', 'TGCAGCCTG']"
TRBV24-1,['CATSDL'],['KGH-DR'],['SFD-VKD'],['TGTGCCACCAGTGATTTG']
TRBV24/OR9-2,['CATSDL'],['KGH-DR'],['SFD-VKD'],['TGTGCCACCAGTGATTTG']
TRBV25-1,['CASSE'],['MGH-DK'],['SYG-VNS'],['TGTGCCAGCAGTGAATA']
TRBV26,['YASSS'],['MNH-VT'],['SPG-TGS'],[nan]
TRBV26/OR9-2,['CASSS'],['MNH-VA'],['SPG-TGS'],['TGCGCCAGCAGTTCATC']
TRBV27,['CASSL'],['MNH-EY'],['SMN-VEV'],['TGTGCCAGCAGTTTATC']
TRBV28,['CASSL'],['MDH-EN'],['SYD-VKM'],['TGTGCCAGCAGTTTATG']
TRBV29-1,"['CSAG', 'CSVE']",['SQV-TM'],['ANQGSEA'],"['TGCAGCGTTGAAGA', 'TGCAGCGCGGGC', 'TGCAGCGTTGAA']"
TRBV29/OR9-2,['CSVE'],['SQV-TM'],['ANQGSEA'],['TGCAGCGTTGAAGA']
TRBV3-1,"['CAS', 'CASSQ']",['LGH-DT'],"['YNN-KEL', 'YNN-KEI']","['TGTGCCAGC', 'TGTGCCAGCAGCCAAGA']"
TRBV3-2,['CASSQ'],['LGH-NA'],['YSN-KEP'],"['TGTGCCAGCAGCCAAGA', 'TGTGCCAGCAGCCAAG']"
TRBV30,"['CAWG', 'CAWS']",['GTSNPN'],"['SVG--IG', 'SIG--ID']","['TGTGCCTGGGGA', 'TGTGCCTGGAGTGT', 'TGTGCCTGGAGT']"
TRBV4-1,['CASSQ'],['MGH-RA'],['YSY-EKL'],"['TGCGCCAGCAGCCAAGA', 'TGCGCCAGCAGCCAAG']"
TRBV4-2,"['CAST', 'CASSQ']",['LGH-NA'],['YNF-KEQ'],"['TGTGCCAGCAGCCAAGA', 'TGTGCCAGCACC']"
TRBV4-3,"['CASS', 'CASSQ']",['LGH-NA'],['YSL-EER'],"['TGCGCCAGCAGCCAAGA', 'TGCGCCAGCAGC']"
TRBV5-1,"['CASSL', 'CAS']",['SGH-RS'],['YFS-ETQ'],"['TGCGCCAGC', 'TGCGCCAGCAGCTTGG']"
TRBV5-3,['CARSL'],['SGH-SS'],['YAN-ELR'],['TGTGCCAGAAGCTTGG']
TRBV5-4,"['CASSL', 'CASS']","['SGH-NT', '-----T']",['YYR-EEE'],"['TGTGCCAGCAGC', 'TGTGCCAGCAGCTTGG']"
TRBV5-5,"['CASSL', 'CASS']","['SGH-KS', 'SEH-KS']",['YYE-KEE'],"['TGTGCCAGCAGC', 'TGTGCCAGCAGCTTGG']"
TRBV5-6,['CASSL'],['SGH-DT'],['YYE-EEE'],['TGTGCCAGCAGCTTGG']
TRBV5-7,['CASSL'],['SGH-TS'],['YYE-KEE'],['TGTGCCAGCAGCTTGG']
TRBV5-8,"['CASSL', 'CASS']",['SGH-TS'],['YDE-GEE'],"['TGTGCCAGCAGC', 'TGTGCCAGCAGCTTGG']"
TRBV6-1,['CASSE'],['MNH-NS'],['SAS-EGT'],['TGTGCCAGCAGTGAAGC']
TRBV6-4,['CASSD'],['MRH-NA'],['SNT-AGT'],['TGTGCCAGCAGTGACTC']
TRBV6-5,['CASSY'],['MNH-EY'],['SVG-AGI'],['TGTGCCAGCAGTTACTC']
TRBV6-6,"['CASSR', 'CASS', 'CASSY']","['MNH-NY', 'MNH-EY']",['SVG-AGI'],"['TGTGCCAGCAGC', 'TGTGCCAGCAGTCGA', 'TGTGCCAGCAGTTACTC', 'TGTGCCAGCAGT']"
TRBV6-7,['CASSY'],['MNH-EY'],['SVA-AAL'],['TGTGCCAGCAGTTACTC']
TRBV6-8,['CASSY'],['MNH-GY'],['SAA-AGT'],['TGTGCCAGCAGTTACTC']
TRBV6-9,['CASSY'],['MNH-GY'],['SVA-AGI'],['TGTGCCAGCAGTTATTC']
TRBV7-1,['CASSS'],['SGH-NA'],['FQG-KDA'],['TGTGCCAGCAGCTCAGC']
TRBV7-2,"['CTSSL', 'CASSL']",['SGH-TA'],['FQG-NSA'],"['TGTGCCAGCAGCTTAGC', 'TGTGCCAGCAGCTTAG', 'TGTACCAGCAGCTTAGC']"
TRBV7-3,"['CASSL', 'CASS', 'RASSL']",['SGH-TA'],['FQG-TGA'],"['TGTGCCAGCAGC', nan, 'TGTGCCAGCAGCTT', 'TGTGCCAGCAGCTTAAC']"
TRBV7-4,['CASSL'],['SGH-VT'],['SQS-DAQ'],['TGTGCCAGCAGCTTAGC']
TRBV7-6,"['CASSL', 'CASS']",['SGH-VS'],['FNY-EAQ'],"['TGTGCCAGCAGCTTAGC', 'TGTGCCAGCAGC']"
TRBV7-7,"['CASSL', 'CASS']","['SSH-AT', 'SSH-VT']",['FNY-EAQ'],"['TGTGCCAGCAGCTTAGC', 'TGTGCCAGCAGC']"
TRBV7-8,"['CASSL', 'CASSR']",['SGH-VS'],['FQN-EAQ'],"['TGTGCCAGCAGCTTAGC', 'TGTGCCAGCAGCCGA']"
TRBV7-9,"['CASTK', 'CASSL', 'CASS', 'CASTL']","['--H-NR', 'SEH-NR']",['FQN-EAQ'],"['TGTGCCAGCACCAAA', 'TGTGCCAGCAGCAG', 'TGTGCCAGCACGTTG', 'TGTGCCAGCAGCTTAGC', 'TGTGCCAGCAGC']"
TRBV9,"['CASSV', 'CASS']",['SGD-LS'],['YYN-GEE'],"['TGTGCCAGCAGC', 'TGTGCCAGCAGCGTAG']"
TRBV6-2/TRBV6-3,['CASSY'],['MNH-EY'],['SVG-EGT'],['TGTGCCAGCAGTTACTC']
