index,CDR3,CDR1,CDR2,CDR3_nt
TRAV1,['CAVR'],['TSG--FNG'],['VVL--DGL'],['tgtgctgtgaggga']
TRAV10,"['CAAS', 'CAAA']",['DTA--SSY'],['IRSN-VDR'],"['tgtgcagcaagca', 'tgtgcagcagca']"
TRAV11,['CVVG'],['VTP--DNH'],"['LVDQ-KDK', 'LVHE-NDK', 'LVHQ-KDK']",['tgtgtggtgggcg']
TRAV12-1,"['CALS', 'CA']","['--------', 'TTYL-TIA', 'TTYS-DVA', 'TAYS-DVA', 'TAYS-DVG', 'TTYS-NIA']",['SSTD-NKR'],"['tgtgctttgagtga', 'tgtgctct', 'tgtgctctgagtga', 'tgtgctctgagt', 'tgtgctttgagt']"
TRAV12-2,['CALS'],"['TAY--STF', 'STY--SPF', 'TTY--SPF']","['SFTD-NKR', 'SSTD-NKR']","['tgtgctttgagcc', 'tgtgctttgagtga', 'tgtgctctgagtga', 'tgtgctttgagtg', 'tgtgctttgagtaa']"
TRAV12-3,"['CALS', 'CALRA']","['TIYS-NAF', 'TIYS-HPF', 'TIYS-NPY', 'TIYS-NPF', 'TTYS-NPS']","['NFTD-NKR', 'SSTD-NKR', 'SFTD-NKR']","['tgtgctttgagggct', 'tgtgctttgagtga', 'tgtgctctgagtg', 'tgtgctctgagtga', 'tgtgctctgagt']"
TRAV13-1,"['CAM', 'CALE', 'CAME', 'CA']","['TSL---NS', '--------']",['NPS---GT'],"['tgtgctatggaac', 'tgtgctatgg', 'tgtgctttggaac', 'tgtgct']"
TRAV13-2,"['CAID', 'CAI', 'CA']","['STA---TR', 'STA---TQ', 'STV---TR']",['NPS---GT'],"['tgtgctatagatc', 'tgtgctata', 'tgtgct']"
TRAV13-3,"['CAME', 'CA']",['TTL---NS'],['SPS--WAE'],"['tgtgctatggaac', 'tgtgctat']"
TRAV13-4,['CAME'],"['IFT---NQ', 'STA---TR']",['NPS---GT'],['tgtgctatggaac']
TRAV13-4/DV7,"['CAME', 'CAMD']","['STA---TE', 'STA---TR', 'STA---TQ']",['NPS---GT'],"['tgtgctatggaac', 'tgtgctatggac']"
TRAV13-5,['CVLS'],['IST---NQ'],['IP----GM'],['tgtgttctgagta']
TRAV14-1,['CAAS'],['DST--FNY'],"['ISSV-SDK', 'ILSV-SDK', 'IRSV-SDK']","['tgtgcagcaagt', 'tgtgcagcaagtg']"
TRAV14-2,['CAAS'],"['-ST--FDY', 'DST--FDY']","['ISLV-SNK', 'IRPV-SNK']",['tgtgcagcaagtg']
TRAV14-3,"['CAAS', 'CAAR']",['NSA--FDY'],"['ILSV-SNK', 'ILSV-SDK', 'IRSV-SDK']","['tgtgcagcaagtg', 'tgtgcagcaaggg']"
TRAV14-3/DV8,"['CAAS', 'CAA']",['NSA--FDY'],"['ILSV-SDK', 'IRSV-SDK']","['tgtgcagcaa', 'tgtgcagcaagt', 'tgtgcagcaagtg']"
TRAV15-1,['CALWEL'],['TSQV-LYH'],['QTSSSTAK'],['tgtgctctctgggagctgg']
TRAV15-1/DV6-1,"['CALWEL', 'CALWE']","['TRQV-LYH', 'TSQV-LYH']","['QTSSSTAK', 'QMSSSTAK', 'QMPSTIAI']","['tgtgctctctgggagctag', 'tgtgctctctgggag', 'tgtgctctctgggagctgg', 'tgtgctctctgggagctc', 'tgtgctctctgggagct']"
TRAV15-2,['CALSEL'],['TSEY-FYR'],['QPSFDTQN'],['tgcgctctctcggaactga']
TRAV15-2/DV6-2,"['CALSEL', 'CALSE']","['TSEY-FYR', 'TSEY-FYV', 'TSEY-FYC', 'TSEY-SYL']","['QTSFDTQN', 'QPSFDTQN']","['tgcgctctctcggaac', 'tgcgctctctcggaact', 'tgcgctctctcggaactga']"
TRAV16,"['CAM', 'CAMRE', 'CA']","['TRDS-SYF', 'TQDS-SYF', 'TRES-SYY']","['QDSCEKEN', 'QDSYKKEN']","['tgtgctatg', 'tgtgctatgagagag', 'tgtgctatgagagaggg', 'tgtgct']"
TRAV16/DV11,['CAMRE'],"['TQDS-SYF', 'TRDS-SYF']",['QDSYKKEN'],"['tgtgctatgagagag', 'tgtgctatgagagaggg']"
TRAV17,['CALE'],['YSA--APY'],"['YITGDAVV', 'YITGDTVV']",['tgtgcactggaggg']
TRAV18,"['CTG', 'CAG']",['TTF---PQ'],['LVKS-GEV'],"['tgtacaggaa', 'tgtgcaggaa']"
TRAV19,['CAAG'],['NDM--FDY'],['VRSN-VDK'],['tgcgcagcaggtg']
TRAV2,['CIVTD'],['NIAT-SEY'],['GYK---DY'],['tgcattgtgactgaca']
TRAV20,['CAPG'],['NAA--TNY'],['IRSN-VNR'],['tgtgcaccaggca']
TRAV21/DV12,['CILRV'],['TISG-NEY'],['GLQ---QN'],['tgtatcctgagagtag']
TRAV3-1,['CAVS'],['DSA--TAY'],['VLSN-VDR'],['tgcgcagtcagtg']
TRAV3-3,['CAVS'],['DPN--SYY'],['VFSS-TEI'],['tgcgcagtcagtg']
TRAV3-4,['CAVS'],['DSA--TAY'],['VFSN-VDR'],['tgcgcagtcagtg']
TRAV4-2,"['CAAE', 'CAVE']","['TTM---KS', 'TTM---KG']",['LAQ---GT'],"['tgcgctgctgagg', 'tgtgctgttgagg', 'tgtgctgctgagg']"
TRAV4-3,"['CAAE', 'CAA']","['IAA---TT', 'IAT---TT']",['LVP---GT'],"['tgtgctgctga', 'tgtgctgctgagg']"
TRAV4-4,"['CAAE', 'CA']","['TTT---RS', 'TTM---RA', 'TTT---RA']",['LAS---GT'],"['tgtgctgctgag', 'tgtgctgctgagg', 'tgtgctgc']"
TRAV4-4/DV10,['CAAE'],"['TTM---RS', 'TTM---RA']",['LAS---GT'],['tgtgctgctgagg']
TRAV5-1,['CSAS'],['DSA--SVY'],['IRSN-MER'],['tgctcagcaagta']
TRAV5-2,"['*K', 'CAES']","['NNA--LLC', 'NNA--SLC']","['IR*N-MER', 'IC*N-MER']","['tgaaagtg', 'tgtgctgaaagtg']"
TRAV5-4,"['CAAF', 'CAAS']","['NSA--SNY', 'DSA--SNY']",['IRSN-MER'],"['tgtgctgcaagtg', 'tgtgctgccttt']"
TRAV6-1,['CVLG'],['TTW--YPT'],['VTTA-NNK'],"['tgtgttctgggtga', 'tgtgtgctgggtga']"
TRAV6-2,"['CVL', 'CVLG']",['TTG--YPT'],['VTTA-NNK'],"['tgtgttctgggtga', 'tgtgttctg']"
TRAV6-3,"['CAMS', 'CAMR', 'CA']",['TTG--YPT'],['VTTA-NNK'],"['tgtgctat', 'tgtgctatgagaga', 'tgtgctatgagtga']"
TRAV6-4,"['CALA', 'CALV']",['TTT--YPT'],"['ETTA-NNK', 'VTTA-NNK']","['tgtgctctggcc', 'tgtgctctggttga']"
TRAV6-5,"['CALS', 'CALG', 'CVLG', 'CA']",['TKQ--YPT'],['VPKA-NEK'],"['tgtgttctgggtga', 'tgtgctct', 'tgtgctctgggtga', 'tgtgctctgagtga']"
TRAV6-6,"['CALS', 'CALG', 'CAL']","['TSI-GYPN', 'TTSIAYPN', 'TTSIGYPN', 'ATSIGYPN', 'ATSIAYPN']",['VITA-GQK'],"['tgcgctctgggt', 'tgcgctctga', 'tgtgctctgagtga', 'tgtgctctgggt', 'tgcgctctgagtga', 'tgtgctctgggtga', 'tgcgctctgag']"
TRAV6-7,"['CALS', 'CALG', 'CAL', 'CA']",['ASG--YPA'],['ASRD-KEK'],"['tgcgctctgag', 'tgcgct', 'tgtgctctgggtga', 'tgtgctctgagtga']"
TRAV6-7/DV9,"['CALS', 'CALG', 'CAL']","['ASG--YPA', 'ASG--YPT', '--------']",['ASRD-KEK'],"['tgtgctctggg', 'tgtgctctgagtga', 'tgtgctctgggt', 'tgtgctctgggtga']"
TRAV7-1,['CAVS'],['DRN--SQY'],['IFS--NGD'],['tgtgcagtgagca']
TRAV7-2,"['CAAS', 'CATR', 'CAVS']","['DRN--VDY', '--------']","['--------', 'IFS--NGE']","['tgtgcagtgagca', 'tgtgcaacaaga', 'tgtgcagcaagca']"
TRAV7-3,"['CA', 'CAV', 'CAVS']","['--------', 'DSA--SQY']",['IFS--NGE'],"['tgtgcagtgagca', 'tgtgcagtga', 'tgtgcagtgagc', 'tgtgcag']"
TRAV7-4,"['CAASE', 'CAVSE']",['DRN--FQY'],['IFS--DGD'],"['tgtgcagctagtgagca', 'tgtgcagttagtgagca']"
TRAV7-5,"['CAMS', 'CAM', 'CAVS']","['DRS--SDN', '--------', 'DGT--SDN', 'DGT--SNN']",['IFS--DGE'],"['tgtgcagtgagca', 'tgtgcaatgag', 'tgtgcaatgagca']"
TRAV7-6,"['CAAS', 'CAVS']","['NSA--SQS', 'DSA--SQS']",['IFS--NGN'],"['tgtgcagtgagca', 'tgtgcagcgagca']"
TRAV8-1,"['CADH', 'CATD']","['--------', 'TSI---TA']","['IRSN-ERE', '-RSN-ERE']","['tgtgctactgat', 'tgtgctgatcat', 'tgtgctactgatg']"
TRAV8-2,"['CATT', 'CATD']",['TYT---TV'],['IRSN-ERE'],"['tgtgctactgatg', 'tgtgctacagatg', 'tgtgctacaacc']"
TRAV9-1,"['CAAS', 'CAV', 'CAVS']",['YGG--SIY'],['YYSGNPVV'],"['tgtgctgtgag', 'tgtgctgcgagca', 'tgtgctgtgagcg']"
TRAV9-2,"['CVLS', 'CAAS', 'CAVS']","['SSG--TPY', 'YSG--TPY']",['YYSGDPVV'],"['tgtgttctgagcg', 'tgtgttttgagcg', 'tgtgctgcgagca', 'tgtgctgtgagcg']"
TRAV9-3,"['CALS', 'CAVS']","['YSA--TPY', 'SSV--TPY', 'YFG--TPY']","['YYSGDPVV', 'YYPGDPVV']","['tgtgctgtgagca', 'tgtgctctgagc', 'tgtgctgtgagcg']"
TRAV9-4,"['CALS', 'CVLSD', 'CAVS']","['YSA--TPY', 'YSG--TPY', '--------']",['YYSGDPVV'],"['tgtgctctgagcg', 'tgtgctgtgagca', 'tgtgttctgagcgacc', 'tgtgctgtgagcg', 'tgtgctctgagca']"
